[
  {
    "count": 5300,
    "id": "4d593f2e-de6b-425d-930b-8e95731a7172",
    "description": "Synergistic Wooden Computer",
    "title": "Synergistic Wooden Computer",
    "price": 60.15
  },
  {
    "count": 12,
    "id": "71d417c5-8ab8-4903-8e66-21576810562a",
    "description": "Incredible Rubber Watch",
    "title": "Incredible Rubber Watch",
    "price": 50.27
  },
  {
    "count": 7112,
    "id": "2d54c76a-279f-4433-aa82-f7944dfbe7c1",
    "description": "Intelligent Linen Car",
    "title": "Intelligent Linen Car",
    "price": 16.87
  },
  {
    "count": 5007,
    "id": "6a9f8704-af90-4d47-b5d3-3ca448896a1c",
    "description": "Intelligent Linen Table",
    "title": "Intelligent Linen Table",
    "price": 20.34
  },
  {
    "count": 9214,
    "id": "50eb1c52-f090-4719-9169-5f5ee8b699f6",
    "description": "Ergonomic Bronze Wallet",
    "title": "Ergonomic Bronze Wallet",
    "price": 59.83
  },
  {
    "count": 5128,
    "id": "b348a1e5-88b9-4375-8fb5-699aac3e1996",
    "description": "Awesome Silk Hat",
    "title": "Awesome Silk Hat",
    "price": 71.43
  },
  {
    "count": 153,
    "id": "e58f6cb2-2173-4c15-a86f-61f9df649bc7",
    "description": "Ergonomic Plastic Bottle",
    "title": "Ergonomic Plastic Bottle",
    "price": 15.47
  },
  {
    "count": 1374,
    "id": "a05efb01-73c8-4305-a8cc-3d433e29e5ac",
    "description": "Awesome Rubber Coat",
    "title": "Awesome Rubber Coat",
    "price": 62.53
  },
  {
    "count": 1756,
    "id": "25fcd3d5-0f8f-49b9-b1e4-d71e927b39a9",
    "description": "Mediocre Aluminum Coat",
    "title": "Mediocre Aluminum Coat",
    "price": 35.48
  },
  {
    "count": 2232,
    "id": "e7a0d42b-ac46-4775-a4d3-53721e80b24e",
    "description": "Incredible Copper Bench",
    "title": "Incredible Copper Bench",
    "price": 40.49
  },
  {
    "count": 4255,
    "id": "2e95f2a2-6601-4936-86c8-946200174057",
    "description": "Sleek Granite Car",
    "title": "Sleek Granite Car",
    "price": 43.8
  },
  {
    "count": 5318,
    "id": "7cfeaab6-9375-484d-92c0-94971e5b4aac",
    "description": "Intelligent Copper Knife",
    "title": "Intelligent Copper Knife",
    "price": 86.56
  },
  {
    "count": 3958,
    "id": "b44413bd-089f-4b68-b6a6-ceb0dd0015e8",
    "description": "Ergonomic Leather Wallet",
    "title": "Ergonomic Leather Wallet",
    "price": 21.44
  },
  {
    "count": 3659,
    "id": "9b8ff742-4d0c-43ae-8ab1-2b62d1bbd19b",
    "description": "Awesome Leather Clock",
    "title": "Awesome Leather Clock",
    "price": 16.19
  },
  {
    "count": 5505,
    "id": "f8f509f3-3d9e-4d88-9c89-cb60119d7567",
    "description": "Aerodynamic Steel Keyboard",
    "title": "Aerodynamic Steel Keyboard",
    "price": 37.73
  },
  {
    "count": 7664,
    "id": "71bc5f5f-ba0e-419d-8b8d-7c4ed7b62119",
    "description": "Aerodynamic Cotton Bench",
    "title": "Aerodynamic Cotton Bench",
    "price": 56.09
  },
  {
    "count": 6926,
    "id": "e8de0833-9e71-47ee-95fe-a21a4c3664ea",
    "description": "Durable Cotton Knife",
    "title": "Durable Cotton Knife",
    "price": 7.41
  },
  {
    "count": 6880,
    "id": "01699474-ea55-45f0-acb5-ec54b11fdd8a",
    "description": "Gorgeous Silk Bottle",
    "title": "Gorgeous Silk Bottle",
    "price": 55.47
  },
  {
    "count": 2125,
    "id": "47faf726-f3ba-4182-b417-ff80d61c56c9",
    "description": "Aerodynamic Marble Bottle",
    "title": "Aerodynamic Marble Bottle",
    "price": 97.89
  },
  {
    "count": 5333,
    "id": "8b9f4938-c94c-4d85-bc71-edb581f39f54",
    "description": "Gorgeous Wool Hat",
    "title": "Gorgeous Wool Hat",
    "price": 45.34
  },
  {
    "count": 1924,
    "id": "0bc46dcf-5e51-4953-b58a-a26d1bb2bc0e",
    "description": "Incredible Leather Clock",
    "title": "Incredible Leather Clock",
    "price": 35.82
  },
  {
    "count": 507,
    "id": "f6352e88-64bc-4720-97d1-8feceb98e007",
    "description": "Practical Plastic Bag",
    "title": "Practical Plastic Bag",
    "price": 24.81
  },
  {
    "count": 1180,
    "id": "bcf0022d-156f-4dde-829b-62f2fa52e69b",
    "description": "Sleek Linen Knife",
    "title": "Sleek Linen Knife",
    "price": 96.23
  },
  {
    "count": 8820,
    "id": "04676f7b-4a00-4a04-aa5c-4a9d737e9ba2",
    "description": "Ergonomic Rubber Shirt",
    "title": "Ergonomic Rubber Shirt",
    "price": 20.47
  },
  {
    "count": 8409,
    "id": "64d43858-2b90-4c12-9f6d-e89f51ccfa7b",
    "description": "Heavy Duty Iron Plate",
    "title": "Heavy Duty Iron Plate",
    "price": 67.81
  },
  {
    "count": 9476,
    "id": "7092edab-35a8-4d05-803d-953b9b5c9597",
    "description": "Small Wool Bench",
    "title": "Small Wool Bench",
    "price": 80.8
  },
  {
    "count": 5934,
    "id": "0c6301a5-2b86-445f-81a1-47885368e8e7",
    "description": "Gorgeous Linen Shirt",
    "title": "Gorgeous Linen Shirt",
    "price": 39.83
  },
  {
    "count": 1206,
    "id": "f9abd023-5a39-4226-960b-124ac254da65",
    "description": "Practical Granite Hat",
    "title": "Practical Granite Hat",
    "price": 62.35
  },
  {
    "count": 1803,
    "id": "837303da-404b-46d6-8dd1-5bc0e8525422",
    "description": "Intelligent Iron Plate",
    "title": "Intelligent Iron Plate",
    "price": 82.39
  },
  {
    "count": 3591,
    "id": "9259a955-eafc-4b7b-bc89-8ddbfe83f2c8",
    "description": "Fantastic Leather Plate",
    "title": "Fantastic Leather Plate",
    "price": 85.63
  },
  {
    "count": 9597,
    "id": "7efd4eb5-8a2e-41c5-8f38-c67cfc05d83a",
    "description": "Fantastic Iron Bottle",
    "title": "Fantastic Iron Bottle",
    "price": 78.26
  },
  {
    "count": 4168,
    "id": "6e55bbaf-10e9-4b7b-9a05-8d2d32ef0731",
    "description": "Aerodynamic Bronze Shoes",
    "title": "Aerodynamic Bronze Shoes",
    "price": 36.58
  },
  {
    "count": 9891,
    "id": "d7958f6e-f19f-4efc-8bec-9f22d50cff23",
    "description": "Fantastic Bronze Shirt",
    "title": "Fantastic Bronze Shirt",
    "price": 18.37
  },
  {
    "count": 3984,
    "id": "182a6b5d-2484-4e31-b461-51a296d219c6",
    "description": "Mediocre Paper Pants",
    "title": "Mediocre Paper Pants",
    "price": 82.0
  },
  {
    "count": 196,
    "id": "f2ba6345-438c-4e67-a2d8-70a9cd8698fe",
    "description": "Intelligent Leather Bag",
    "title": "Intelligent Leather Bag",
    "price": 89.22
  },
  {
    "count": 6841,
    "id": "510372a8-9f41-4702-b99e-218695dceefe",
    "description": "Lightweight Aluminum Coat",
    "title": "Lightweight Aluminum Coat",
    "price": 85.68
  },
  {
    "count": 2177,
    "id": "497b5200-1f14-4f95-ae61-6ab6a110204f",
    "description": "Small Copper Coat",
    "title": "Small Copper Coat",
    "price": 89.09
  },
  {
    "count": 4003,
    "id": "ed7360e3-8900-4734-bec4-6e8a4009947c",
    "description": "Practical Wooden Plate",
    "title": "Practical Wooden Plate",
    "price": 22.03
  },
  {
    "count": 1949,
    "id": "3468003c-424f-4027-ba53-71369f544997",
    "description": "Heavy Duty Bronze Bottle",
    "title": "Heavy Duty Bronze Bottle",
    "price": 95.65
  },
  {
    "count": 2125,
    "id": "ea32f7bc-e037-4bba-9493-1f6e8b7e5c7a",
    "description": "Aerodynamic Silk Table",
    "title": "Aerodynamic Silk Table",
    "price": 68.11
  },
  {
    "count": 1993,
    "id": "b8c17525-6c4a-43e6-8cb7-7eba6fd6f24e",
    "description": "Incredible Marble Watch",
    "title": "Incredible Marble Watch",
    "price": 19.21
  },
  {
    "count": 6413,
    "id": "02e0e480-47e0-4a7f-9464-f3162ca2bc17",
    "description": "Rustic Steel Pants",
    "title": "Rustic Steel Pants",
    "price": 62.39
  },
  {
    "count": 8408,
    "id": "12e107b3-adca-4da1-b55a-037e754a604a",
    "description": "Mediocre Plastic Table",
    "title": "Mediocre Plastic Table",
    "price": 83.09
  },
  {
    "count": 1250,
    "id": "d01d3513-ceb9-4934-ba62-e5f43009431c",
    "description": "Practical Plastic Clock",
    "title": "Practical Plastic Clock",
    "price": 82.86
  },
  {
    "count": 9380,
    "id": "29a10f59-1893-4522-ab75-5e2ad62379e3",
    "description": "Durable Paper Knife",
    "title": "Durable Paper Knife",
    "price": 54.12
  },
  {
    "count": 2087,
    "id": "25134124-38fd-446f-b028-c6b8ce8152ac",
    "description": "Enormous Aluminum Keyboard",
    "title": "Enormous Aluminum Keyboard",
    "price": 48.99
  },
  {
    "count": 8453,
    "id": "698d79d2-a123-47cb-bd68-91b6988a2161",
    "description": "Lightweight Aluminum Computer",
    "title": "Lightweight Aluminum Computer",
    "price": 46.03
  },
  {
    "count": 81,
    "id": "0e42adaf-c11f-4de8-a249-f8bdcb334de4",
    "description": "Incredible Aluminum Car",
    "title": "Incredible Aluminum Car",
    "price": 58.1
  },
  {
    "count": 3950,
    "id": "bcf8c1c2-1579-45a3-9b38-a5da8838175c",
    "description": "Lightweight Granite Chair",
    "title": "Lightweight Granite Chair",
    "price": 16.75
  },
  {
    "count": 4390,
    "id": "120b2ccd-eb4d-4b92-ae08-12751f1bd8eb",
    "description": "Durable Wooden Bench",
    "title": "Durable Wooden Bench",
    "price": 86.21
  },
  {
    "count": 574,
    "id": "01037419-b3c1-4080-a738-579610978eef",
    "description": "Durable Wool Gloves",
    "title": "Durable Wool Gloves",
    "price": 72.91
  },
  {
    "count": 933,
    "id": "874b64bf-cff7-48ed-a8dc-51911a59cfeb",
    "description": "Rustic Silk Bag",
    "title": "Rustic Silk Bag",
    "price": 24.23
  },
  {
    "count": 5949,
    "id": "a769a91c-2ff1-45ae-a54b-a59fb9e211b7",
    "description": "Rustic Bronze Coat",
    "title": "Rustic Bronze Coat",
    "price": 23.93
  },
  {
    "count": 4778,
    "id": "980e4723-6cdc-4a1b-b714-aa0a497229fb",
    "description": "Enormous Concrete Watch",
    "title": "Enormous Concrete Watch",
    "price": 21.4
  },
  {
    "count": 5791,
    "id": "3d15ca09-0774-4a31-964a-c1ff71d5376e",
    "description": "Lightweight Steel Shoes",
    "title": "Lightweight Steel Shoes",
    "price": 51.9
  },
  {
    "count": 8879,
    "id": "fb111424-e511-4080-a860-1953938ed8cd",
    "description": "Heavy Duty Silk Plate",
    "title": "Heavy Duty Silk Plate",
    "price": 31.48
  },
  {
    "count": 7708,
    "id": "e7726b86-867c-40dd-afd3-b5fdfb04da70",
    "description": "Practical Plastic Bottle",
    "title": "Practical Plastic Bottle",
    "price": 27.31
  },
  {
    "count": 2565,
    "id": "1233150b-4f1f-48e4-a9ac-2e580d8462ca",
    "description": "Lightweight Plastic Keyboard",
    "title": "Lightweight Plastic Keyboard",
    "price": 78.14
  },
  {
    "count": 9199,
    "id": "d813e1b6-926d-4696-aaf9-db606a09259c",
    "description": "Incredible Wooden Table",
    "title": "Incredible Wooden Table",
    "price": 9.11
  },
  {
    "count": 2915,
    "id": "bc065a2f-5a2b-4cc7-847a-e664d19fbf5b",
    "description": "Rustic Plastic Knife",
    "title": "Rustic Plastic Knife",
    "price": 36.13
  },
  {
    "count": 2731,
    "id": "a7d48bbd-aa55-43c1-ba5d-88963d294eff",
    "description": "Mediocre Marble Hat",
    "title": "Mediocre Marble Hat",
    "price": 10.26
  },
  {
    "count": 4182,
    "id": "ae8fea06-e242-4a89-aa9a-88af2468fc1f",
    "description": "Lightweight Plastic Computer",
    "title": "Lightweight Plastic Computer",
    "price": 33.21
  },
  {
    "count": 1359,
    "id": "9c61f7f4-5ac8-4cd4-9cce-4dbbd1bbfe06",
    "description": "Mediocre Linen Watch",
    "title": "Mediocre Linen Watch",
    "price": 18.06
  },
  {
    "count": 6430,
    "id": "224cf11b-9ce7-47d3-9527-4cf3fa7606a2",
    "description": "Synergistic Steel Knife",
    "title": "Synergistic Steel Knife",
    "price": 37.84
  },
  {
    "count": 160,
    "id": "1bdc8ff5-4cf1-4c74-87d3-42bcd600fa0a",
    "description": "Gorgeous Wooden Table",
    "title": "Gorgeous Wooden Table",
    "price": 3.13
  },
  {
    "count": 3827,
    "id": "492b5ab9-1055-4e21-8eac-520597c2e0e2",
    "description": "Lightweight Wool Bench",
    "title": "Lightweight Wool Bench",
    "price": 89.81
  },
  {
    "count": 7937,
    "id": "3fa0aaec-5eef-42a8-8705-827b3eb29a0d",
    "description": "Incredible Steel Keyboard",
    "title": "Incredible Steel Keyboard",
    "price": 23.88
  },
  {
    "count": 6819,
    "id": "783fa83f-b57c-43dd-a8eb-8abe2e9f74a7",
    "description": "Awesome Marble Keyboard",
    "title": "Awesome Marble Keyboard",
    "price": 60.37
  },
  {
    "count": 5852,
    "id": "8d299938-6c9c-48a9-8d9e-d002bd89b13f",
    "description": "Sleek Granite Keyboard",
    "title": "Sleek Granite Keyboard",
    "price": 72.76
  },
  {
    "count": 290,
    "id": "ef0dd706-a5ed-4bd2-9894-e98dc325069f",
    "description": "Durable Steel Coat",
    "title": "Durable Steel Coat",
    "price": 8.97
  },
  {
    "count": 508,
    "id": "d451a5af-7f39-4dbe-995c-129952202e8b",
    "description": "Ergonomic Cotton Wallet",
    "title": "Ergonomic Cotton Wallet",
    "price": 46.76
  },
  {
    "count": 9211,
    "id": "19a89318-b303-490d-8991-dfa537655cda",
    "description": "Small Leather Car",
    "title": "Small Leather Car",
    "price": 9.94
  },
  {
    "count": 1820,
    "id": "c6947140-9e2b-40d9-8d40-a8cc6a287f1f",
    "description": "Small Granite Pants",
    "title": "Small Granite Pants",
    "price": 9.79
  },
  {
    "count": 3583,
    "id": "30283b0b-6998-40f9-abd4-5094f703f024",
    "description": "Sleek Wooden Bag",
    "title": "Sleek Wooden Bag",
    "price": 24.91
  },
  {
    "count": 3373,
    "id": "7a41ca0e-35ca-48a6-a403-466622e3f14a",
    "description": "Incredible Plastic Watch",
    "title": "Incredible Plastic Watch",
    "price": 68.59
  },
  {
    "count": 6623,
    "id": "2b8c6d0f-935c-4528-b440-c01cf81a6e66",
    "description": "Ergonomic Concrete Wallet",
    "title": "Ergonomic Concrete Wallet",
    "price": 65.59
  },
  {
    "count": 351,
    "id": "be283205-e9bc-4e7a-ab58-59169c5b4b09",
    "description": "Ergonomic Leather Hat",
    "title": "Ergonomic Leather Hat",
    "price": 2.97
  },
  {
    "count": 1268,
    "id": "c52319f2-6b58-4bd8-b1e8-0e0549abbbae",
    "description": "Mediocre Steel Coat",
    "title": "Mediocre Steel Coat",
    "price": 35.2
  },
  {
    "count": 4691,
    "id": "52740c8f-6b55-45de-9261-08368abb1d23",
    "description": "Incredible Iron Plate",
    "title": "Incredible Iron Plate",
    "price": 39.2
  },
  {
    "count": 7143,
    "id": "7dcc4927-cb0a-4819-9b01-9b63d35100f7",
    "description": "Aerodynamic Iron Shirt",
    "title": "Aerodynamic Iron Shirt",
    "price": 41.39
  }
]
